{"products":[{"id":"0.558673316244021","qty":6}],"totalPrice":125.93999999999998}